algorithm,n_members,group_size,time,distance,groups,group_distances,gini-index
ACO,60,2,2.8944045000098413,4.486111111111111,"[[45, 48], [12, 25], [59, 38], [35, 32], [44, 18], [41, 0], [51, 43], [14, 3], [8, 7], [47, 16], [46, 19], [31, 36], [42, 21], [15, 17], [11, 30], [1, 5], [22, 52], [58, 57], [2, 33], [37, 39], [23, 54], [6, 4], [34, 53], [56, 20], [49, 28], [40, 29], [27, 9], [55, 13], [24, 10], [26, 50]]","[0.18055556 0.04166667 0.125      0.08333333 0.16666667 0.16666667
 0.125      0.125      0.09722222 0.18055556 0.125      0.16666667
 0.26388889 0.09722222 0.         0.125      0.08333333 0.125
 0.125      0.20833333 0.25       0.22222222 0.125      0.18055556
 0.08333333 0.29166667 0.09722222 0.20833333 0.125      0.29166667]",0.26080922387103656
ACO,60,2,2.5090503999963403,4.402777777777778,"[[45, 48], [12, 25], [59, 50], [35, 32], [44, 18], [41, 0], [10, 24], [46, 19], [30, 11], [52, 22], [34, 53], [31, 36], [3, 42], [28, 49], [8, 7], [27, 9], [5, 1], [33, 2], [6, 4], [57, 58], [54, 23], [56, 20], [55, 13], [29, 16], [17, 15], [39, 37], [38, 21], [47, 40], [51, 43], [14, 26]]","[0.18055556 0.04166667 0.125      0.08333333 0.16666667 0.16666667
 0.125      0.125      0.         0.08333333 0.125      0.16666667
 0.08333333 0.08333333 0.09722222 0.09722222 0.125      0.125
 0.22222222 0.125      0.25       0.18055556 0.20833333 0.08333333
 0.09722222 0.20833333 0.18055556 0.38888889 0.125      0.33333333]",0.2892418144240182
ACO,60,2,2.6125227000011364,4.486111111111112,"[[45, 48], [12, 25], [59, 38], [35, 32], [44, 18], [41, 0], [58, 57], [21, 42], [13, 2], [7, 8], [11, 30], [47, 16], [51, 43], [33, 39], [52, 22], [27, 9], [3, 14], [5, 1], [4, 6], [20, 56], [19, 46], [37, 40], [55, 24], [10, 29], [34, 53], [28, 49], [50, 26], [23, 54], [17, 15], [31, 36]]","[0.18055556 0.04166667 0.125      0.08333333 0.16666667 0.16666667
 0.125      0.26388889 0.15277778 0.09722222 0.         0.18055556
 0.125      0.22222222 0.08333333 0.09722222 0.125      0.125
 0.22222222 0.18055556 0.125      0.29166667 0.16666667 0.125
 0.125      0.08333333 0.29166667 0.25       0.09722222 0.16666667]",0.25867406853848607
ACO,60,2,2.565916699997615,4.430555555555555,"[[45, 48], [12, 25], [59, 50], [35, 32], [44, 18], [41, 0], [53, 34], [14, 3], [17, 15], [29, 16], [58, 4], [2, 33], [46, 19], [37, 39], [27, 9], [31, 36], [23, 54], [42, 38], [30, 11], [49, 28], [10, 24], [51, 43], [22, 52], [21, 57], [7, 8], [56, 20], [47, 13], [26, 55], [40, 5], [6, 1]]","[0.18055556 0.04166667 0.125      0.08333333 0.16666667 0.16666667
 0.125      0.125      0.09722222 0.08333333 0.125      0.125
 0.125      0.20833333 0.09722222 0.16666667 0.25       0.16666667
 0.         0.08333333 0.125      0.125      0.08333333 0.20833333
 0.09722222 0.18055556 0.22222222 0.33333333 0.22222222 0.29166667]",0.2694843800670197
ACO,60,2,2.5989068999915617,4.402777777777778,"[[45, 48], [12, 25], [59, 50], [35, 32], [44, 18], [41, 0], [34, 53], [46, 19], [33, 2], [42, 3], [31, 36], [6, 4], [39, 37], [26, 54], [15, 17], [5, 1], [9, 27], [51, 43], [7, 8], [49, 28], [16, 29], [30, 11], [21, 38], [56, 20], [47, 13], [10, 24], [55, 52], [23, 14], [22, 40], [58, 57]]","[0.18055556 0.04166667 0.125      0.08333333 0.16666667 0.16666667
 0.125      0.125      0.125      0.08333333 0.16666667 0.22222222
 0.20833333 0.29166667 0.09722222 0.125      0.09722222 0.125
 0.09722222 0.08333333 0.08333333 0.         0.18055556 0.18055556
 0.22222222 0.125      0.33333333 0.29166667 0.125      0.125     ]",0.2740128358533667
ACO,60,2,2.5506013999984134,4.458333333333333,"[[45, 48], [12, 25], [59, 50], [35, 32], [44, 18], [41, 0], [39, 37], [33, 2], [21, 42], [43, 51], [52, 22], [17, 15], [6, 4], [54, 23], [38, 47], [31, 36], [3, 26], [24, 10], [46, 19], [16, 29], [53, 34], [57, 58], [56, 20], [55, 13], [11, 30], [7, 8], [28, 49], [9, 27], [1, 5], [14, 40]]","[0.18055556 0.04166667 0.125      0.08333333 0.16666667 0.16666667
 0.20833333 0.125      0.26388889 0.125      0.08333333 0.09722222
 0.22222222 0.25       0.19444444 0.16666667 0.125      0.125
 0.125      0.08333333 0.125      0.125      0.18055556 0.20833333
 0.         0.09722222 0.08333333 0.09722222 0.125      0.45833333]",0.28434847996562473
ACO,60,2,2.53839610000432,4.430555555555555,"[[45, 48], [12, 25], [59, 50], [35, 32], [44, 18], [41, 0], [2, 33], [29, 16], [46, 19], [6, 39], [17, 15], [21, 38], [1, 5], [24, 10], [28, 49], [7, 8], [22, 52], [37, 4], [43, 51], [9, 27], [13, 55], [47, 40], [57, 58], [31, 36], [34, 53], [23, 54], [3, 42], [26, 14], [30, 11], [20, 56]]","[0.18055556 0.04166667 0.125      0.08333333 0.16666667 0.16666667
 0.125      0.08333333 0.125      0.27777778 0.09722222 0.18055556
 0.125      0.125      0.08333333 0.09722222 0.08333333 0.18055556
 0.125      0.09722222 0.20833333 0.38888889 0.125      0.16666667
 0.125      0.25       0.08333333 0.33333333 0.         0.18055556]",0.2936979785969086
ACO,60,2,2.6092143999994732,4.486111111111111,"[[45, 48], [12, 25], [59, 50], [35, 32], [44, 18], [41, 0], [19, 46], [38, 42], [56, 20], [15, 17], [34, 53], [6, 4], [1, 5], [43, 51], [36, 31], [57, 58], [39, 37], [10, 24], [47, 16], [49, 28], [21, 9], [8, 7], [14, 3], [52, 22], [30, 11], [29, 40], [33, 2], [23, 54], [13, 55], [27, 26]]","[0.18055556 0.04166667 0.125      0.08333333 0.16666667 0.16666667
 0.125      0.16666667 0.18055556 0.09722222 0.125      0.22222222
 0.125      0.125      0.16666667 0.125      0.20833333 0.125
 0.18055556 0.08333333 0.20833333 0.09722222 0.125      0.08333333
 0.         0.29166667 0.125      0.25       0.20833333 0.27777778]",0.24586313654318362
ACO,60,2,2.5491194000060204,4.402777777777778,"[[45, 48], [12, 25], [59, 50], [35, 32], [44, 18], [41, 0], [11, 30], [26, 3], [21, 38], [10, 24], [54, 23], [52, 22], [42, 14], [43, 51], [36, 31], [37, 39], [6, 4], [28, 49], [29, 16], [46, 19], [2, 33], [15, 17], [5, 1], [13, 55], [27, 9], [53, 34], [57, 58], [20, 56], [47, 40], [8, 7]]","[0.18055556 0.04166667 0.125      0.08333333 0.16666667 0.16666667
 0.         0.125      0.18055556 0.125      0.25       0.08333333
 0.29166667 0.125      0.16666667 0.20833333 0.22222222 0.08333333
 0.08333333 0.125      0.125      0.09722222 0.125      0.20833333
 0.09722222 0.125      0.125      0.18055556 0.38888889 0.09722222]",0.27618840422060265
ACO,60,2,2.550428999995347,4.430555555555555,"[[45, 48], [12, 25], [59, 50], [35, 32], [44, 18], [41, 0], [37, 39], [53, 34], [43, 51], [8, 7], [24, 10], [42, 3], [33, 2], [23, 54], [49, 28], [56, 20], [15, 17], [57, 58], [29, 16], [46, 19], [27, 9], [47, 13], [40, 22], [55, 6], [21, 38], [5, 1], [11, 30], [4, 52], [26, 14], [31, 36]]","[0.18055556 0.04166667 0.125      0.08333333 0.16666667 0.16666667
 0.20833333 0.125      0.125      0.09722222 0.125      0.08333333
 0.125      0.25       0.08333333 0.18055556 0.09722222 0.125
 0.08333333 0.125      0.09722222 0.22222222 0.125      0.34722222
 0.18055556 0.125      0.         0.23611111 0.33333333 0.16666667]",0.278564479515728
PCK,60,2,116.2855622000061,7.874999999999998,"[[0, 32], [15, 29], [14, 28], [7, 24], [17, 36], [13, 41], [1, 34], [31, 35], [21, 51], [30, 58], [22, 40], [20, 25], [38, 50], [2, 19], [9, 48], [3, 26], [54, 59], [12, 43], [27, 56], [4, 57], [11, 53], [37, 39], [8, 52], [16, 55], [10, 49], [33, 47], [5, 6], [45, 46], [23, 42], [18, 44]]","[0.29166667 0.125      0.29166667 0.125      0.18055556 0.375
 0.33333333 0.25       0.5        0.22222222 0.125      0.51388889
 0.16666667 0.25       0.22222222 0.125      0.20833333 0.23611111
 0.18055556 0.08333333 0.29166667 0.20833333 0.47222222 0.33333333
 0.25       0.38888889 0.33333333 0.29166667 0.33333333 0.16666667]",0.24271726570577137
PCK,60,2,10.76603349999641,8.84722222222222,"[[45, 53], [25, 55], [19, 29], [1, 41], [31, 35], [30, 34], [22, 40], [23, 59], [2, 46], [10, 20], [27, 56], [12, 28], [21, 38], [8, 13], [48, 51], [16, 49], [3, 50], [37, 58], [18, 26], [43, 54], [9, 33], [4, 57], [0, 36], [11, 39], [7, 32], [24, 52], [44, 47], [6, 5], [15, 17], [14, 42]]","[0.34722222 0.29166667 0.19444444 0.38888889 0.25       0.33333333
 0.125      0.20833333 0.29166667 0.26388889 0.18055556 0.20833333
 0.18055556 0.34722222 0.51388889 0.45833333 0.33333333 0.22222222
 0.38888889 0.30555556 0.25       0.08333333 0.125      0.48611111
 0.58333333 0.25       0.51388889 0.33333333 0.09722222 0.29166667]",0.24820007578628278
PCK,60,2,35.217703000002075,7.652777777777777,"[[16, 29], [13, 49], [7, 8], [21, 36], [0, 52], [31, 35], [11, 22], [24, 32], [34, 37], [1, 5], [18, 46], [41, 28], [27, 56], [23, 59], [2, 33], [3, 54], [9, 48], [25, 55], [19, 45], [50, 57], [30, 53], [4, 40], [39, 51], [10, 47], [42, 14], [17, 44], [43, 58], [12, 26], [6, 15], [20, 38]]","[0.08333333 0.41666667 0.09722222 0.31944444 0.16666667 0.25
 0.13888889 0.29166667 0.27777778 0.125      0.125      0.54166667
 0.18055556 0.20833333 0.125      0.16666667 0.22222222 0.29166667
 0.25       0.47222222 0.20833333 0.36111111 0.43055556 0.22222222
 0.29166667 0.38888889 0.29166667 0.25       0.22222222 0.23611111]",0.2511421240377997
PCK,60,2,146.20497859999887,8.458333333333334,"[[7, 24], [0, 11], [15, 36], [1, 5], [30, 57], [37, 58], [34, 52], [14, 20], [9, 32], [19, 45], [2, 50], [16, 25], [49, 54], [26, 43], [3, 42], [33, 47], [44, 59], [21, 48], [4, 51], [13, 39], [8, 53], [23, 38], [27, 56], [28, 29], [12, 46], [10, 55], [6, 35], [31, 41], [17, 18], [22, 40]]","[0.125      0.30555556 0.25       0.125      0.18055556 0.22222222
 0.38888889 0.36111111 0.36111111 0.25       0.26388889 0.29166667
 0.25       0.34722222 0.08333333 0.38888889 0.38888889 0.34722222
 0.375      0.33333333 0.45833333 0.25       0.18055556 0.29166667
 0.31944444 0.20833333 0.30555556 0.375      0.30555556 0.125     ]",0.19143876337693227
PCK,60,2,125.41608450000058,7.180555555555556,"[[13, 55], [7, 8], [29, 49], [0, 52], [16, 36], [33, 51], [4, 58], [1, 40], [21, 23], [38, 50], [2, 19], [9, 48], [12, 26], [14, 44], [3, 42], [43, 56], [54, 59], [10, 47], [37, 39], [24, 28], [27, 45], [46, 57], [15, 53], [5, 11], [25, 32], [17, 20], [34, 41], [31, 35], [22, 30], [6, 18]]","[0.20833333 0.09722222 0.125      0.16666667 0.20833333 0.29166667
 0.125      0.34722222 0.34722222 0.16666667 0.25       0.22222222
 0.25       0.30555556 0.08333333 0.27777778 0.20833333 0.22222222
 0.20833333 0.29166667 0.22222222 0.25       0.30555556 0.20833333
 0.41666667 0.16666667 0.47222222 0.25       0.13888889 0.34722222]",0.21430000666977939
PCK,60,2,64.90969850000693,9.069444444444445,"[[0, 36], [7, 22], [15, 29], [24, 28], [23, 59], [27, 56], [12, 26], [43, 58], [33, 32], [10, 46], [42, 44], [45, 47], [2, 5], [20, 25], [9, 50], [14, 19], [11, 37], [39, 54], [4, 57], [52, 53], [21, 48], [49, 55], [18, 51], [3, 38], [13, 16], [1, 6], [8, 17], [34, 40], [31, 35], [30, 41]]","[0.125      0.20833333 0.125      0.29166667 0.20833333 0.18055556
 0.25       0.29166667 0.36111111 0.36111111 0.43055556 0.43055556
 0.34722222 0.51388889 0.38888889 0.38888889 0.27777778 0.33333333
 0.08333333 0.26388889 0.34722222 0.29166667 0.33333333 0.25
 0.375      0.29166667 0.33333333 0.34722222 0.25       0.38888889]",0.18223583460949458
PCK,60,2,183.16270280000754,7.680555555555555,"[[0, 36], [7, 15], [25, 55], [14, 19], [34, 57], [37, 41], [30, 58], [22, 52], [1, 5], [2, 9], [43, 54], [26, 45], [38, 47], [48, 59], [3, 42], [23, 50], [4, 39], [11, 53], [13, 46], [33, 32], [27, 56], [10, 29], [12, 28], [31, 35], [16, 49], [21, 44], [6, 8], [18, 51], [24, 40], [17, 20]]","[0.125      0.25       0.29166667 0.38888889 0.18055556 0.33333333
 0.22222222 0.08333333 0.125      0.375      0.30555556 0.30555556
 0.19444444 0.125      0.08333333 0.25       0.55555556 0.29166667
 0.19444444 0.36111111 0.18055556 0.125      0.20833333 0.25
 0.45833333 0.25       0.375      0.33333333 0.29166667 0.16666667]",0.24998441104944805
PCK,60,2,183.7274946999969,7.625,"[[8, 29], [0, 18], [21, 38], [10, 55], [17, 36], [4, 51], [12, 48], [23, 50], [33, 37], [42, 59], [28, 45], [3, 26], [9, 46], [27, 47], [2, 44], [43, 54], [14, 16], [20, 49], [19, 31], [25, 56], [24, 40], [1, 5], [22, 52], [35, 41], [34, 57], [30, 58], [7, 15], [6, 32], [39, 13], [11, 53]]","[0.22222222 0.19444444 0.18055556 0.20833333 0.18055556 0.375
 0.29166667 0.25       0.34722222 0.375      0.23611111 0.125
 0.25       0.20833333 0.25       0.30555556 0.25       0.34722222
 0.56944444 0.08333333 0.29166667 0.125      0.08333333 0.375
 0.18055556 0.22222222 0.25       0.22222222 0.33333333 0.29166667]",0.21663212109792096
PCK,60,2,183.14026279999234,8.486111111111107,"[[20, 49], [30, 40], [8, 24], [16, 25], [0, 31], [14, 42], [44, 47], [21, 48], [2, 51], [23, 50], [3, 59], [7, 18], [29, 56], [17, 38], [10, 55], [12, 28], [27, 9], [43, 54], [4, 57], [26, 45], [37, 46], [1, 5], [22, 52], [35, 41], [13, 33], [34, 58], [6, 39], [15, 36], [19, 32], [11, 53]]","[0.34722222 0.51388889 0.22222222 0.29166667 0.375      0.29166667
 0.51388889 0.34722222 0.16666667 0.25       0.125      0.23611111
 0.20833333 0.23611111 0.20833333 0.20833333 0.09722222 0.30555556
 0.08333333 0.30555556 0.34722222 0.125      0.08333333 0.375
 0.36111111 0.55555556 0.27777778 0.25       0.48611111 0.29166667]",0.2542468536599129
PCK,60,2,87.48310699999274,8.319444444444443,"[[16, 25], [24, 40], [21, 42], [0, 41], [31, 35], [8, 20], [11, 19], [39, 50], [1, 53], [23, 43], [47, 55], [14, 28], [2, 54], [7, 26], [48, 51], [29, 49], [3, 13], [4, 37], [9, 33], [30, 58], [34, 57], [44, 45], [22, 52], [5, 32], [15, 36], [12, 56], [17, 27], [6, 10], [38, 59], [18, 46]]","[0.29166667 0.29166667 0.26388889 0.16666667 0.25       0.33333333
 0.38888889 0.5        0.125      0.22222222 0.26388889 0.29166667
 0.26388889 0.375      0.51388889 0.125      0.41666667 0.18055556
 0.25       0.22222222 0.18055556 0.41666667 0.08333333 0.30555556
 0.25       0.375      0.25       0.47222222 0.125      0.125     ]",0.239767428472742
Ranking,60,2,6.342614000008325,4.791666666666666,"[[50, np.int64(59)], [37, np.int64(4)], [39, np.int64(41)], [52, np.int64(22)], [33, np.int64(2)], [26, 21], [6, np.int64(53)], [54, np.int64(48)], [55, 45], [7, np.int64(8)], [23, 20], [42, np.int64(3)], [10, np.int64(24)], [31, np.int64(32)], [1, np.int64(5)], [14, np.int64(46)], [40, np.int64(11)], [43, np.int64(51)], [34, np.int64(57)], [np.int64(16), np.int64(29)], [np.int64(38), 19], [15, np.int64(56)], [58, np.int64(30)], [18, np.int64(44)], [np.int64(9), np.int64(27)], [np.int64(17), np.int64(36)], [35, np.int64(0)], [np.int64(25), 12], [np.int64(47), np.int64(13)], [49, 28]]","[0.125      0.18055556 0.20833333 0.08333333 0.125      0.30555556
 0.25       0.16666667 0.27777778 0.09722222 0.23611111 0.08333333
 0.125      0.08333333 0.125      0.18055556 0.18055556 0.125
 0.18055556 0.08333333 0.18055556 0.16666667 0.22222222 0.16666667
 0.09722222 0.18055556 0.20833333 0.04166667 0.22222222 0.08333333]",0.23198400799600202
Ranking,60,2,6.682781499999692,4.624999999999999,"[[50, np.int64(59)], [58, np.int64(4)], [39, np.int64(41)], [52, np.int64(22)], [33, np.int64(2)], [26, np.int64(3)], [34, np.int64(53)], [54, np.int64(48)], [10, np.int64(24)], [np.int64(27), np.int64(56)], [23, np.int64(9)], [42, np.int64(38)], [12, np.int64(25)], [31, np.int64(32)], [1, np.int64(5)], [14, np.int64(46)], [6, 37], [43, np.int64(51)], [21, np.int64(57)], [40, np.int64(29)], [np.int64(16), np.int64(47)], [15, np.int64(17)], [np.int64(11), np.int64(30)], [18, np.int64(44)], [55, np.int64(13)], [20, np.int64(36)], [35, np.int64(0)], [7, np.int64(8)], [45, 19], [49, 28]]","[0.125      0.125      0.20833333 0.08333333 0.125      0.125
 0.125      0.16666667 0.125      0.18055556 0.22222222 0.16666667
 0.04166667 0.08333333 0.125      0.18055556 0.31944444 0.125
 0.20833333 0.29166667 0.18055556 0.09722222 0.         0.16666667
 0.20833333 0.18055556 0.20833333 0.09722222 0.25       0.08333333]",0.2523558040799423
Ranking,60,2,6.537054699991131,4.73611111111111,"[[50, np.int64(59)], [37, np.int64(4)], [39, np.int64(41)], [52, np.int64(22)], [33, np.int64(2)], [26, np.int64(3)], [34, np.int64(53)], [54, np.int64(48)], [12, np.int64(25)], [7, np.int64(8)], [np.int64(44), 18], [42, np.int64(38)], [np.int64(29), np.int64(24)], [31, np.int64(32)], [1, np.int64(5)], [19, np.int64(46)], [40, np.int64(11)], [43, np.int64(51)], [21, np.int64(57)], [np.int64(16), 28], [10, np.int64(47)], [15, np.int64(17)], [58, np.int64(30)], [14, 23], [np.int64(9), np.int64(27)], [6, 35], [np.int64(36), np.int64(0)], [45, 49], [20, np.int64(56)], [np.int64(13), 55]]","[0.125      0.18055556 0.20833333 0.08333333 0.125      0.125
 0.125      0.16666667 0.04166667 0.09722222 0.16666667 0.16666667
 0.16666667 0.08333333 0.125      0.125      0.18055556 0.125
 0.20833333 0.125      0.22222222 0.09722222 0.22222222 0.29166667
 0.09722222 0.30555556 0.125      0.23611111 0.18055556 0.20833333]",0.21751440995045013
Ranking,60,2,6.41027770000801,4.9305555555555545,"[[50, np.int64(59)], [np.int64(57), np.int64(4)], [np.int64(0), np.int64(41)], [52, np.int64(22)], [33, np.int64(2)], [26, np.int64(3)], [34, np.int64(53)], [54, np.int64(48)], [np.int64(47), 10], [45, 19], [23, 37], [42, np.int64(38)], [28, np.int64(25)], [31, np.int64(32)], [1, np.int64(5)], [14, np.int64(46)], [40, np.int64(11)], [43, np.int64(51)], [21, np.int64(9)], [12, np.int64(29)], [np.int64(13), 55], [15, np.int64(17)], [58, np.int64(30)], [18, np.int64(44)], [49, np.int64(27)], [np.int64(24), 35], [np.int64(36), np.int64(16)], [39, 6], [20, np.int64(56)], [np.int64(8), 7]]","[0.125      0.08333333 0.16666667 0.08333333 0.125      0.125
 0.125      0.16666667 0.22222222 0.25       0.29166667 0.16666667
 0.08333333 0.08333333 0.125      0.18055556 0.18055556 0.125
 0.20833333 0.16666667 0.20833333 0.09722222 0.22222222 0.16666667
 0.18055556 0.20833333 0.20833333 0.27777778 0.18055556 0.09722222]",0.20077707625060712
Ranking,60,2,6.399997100001201,4.48611111111111,"[[50, np.int64(59)], [58, np.int64(4)], [39, np.int64(41)], [52, np.int64(22)], [33, np.int64(2)], [26, np.int64(3)], [34, np.int64(53)], [54, np.int64(48)], [np.int64(13), 55], [7, np.int64(8)], [np.int64(27), np.int64(9)], [42, np.int64(38)], [np.int64(56), np.int64(25)], [37, 40], [1, np.int64(5)], [14, np.int64(46)], [np.int64(32), 31], [43, np.int64(51)], [21, np.int64(57)], [12, np.int64(29)], [np.int64(16), np.int64(47)], [15, np.int64(17)], [np.int64(11), np.int64(30)], [18, np.int64(44)], [19, 45], [6, np.int64(36)], [35, np.int64(0)], [28, 49], [20, 23], [10, np.int64(24)]]","[0.125      0.125      0.20833333 0.08333333 0.125      0.125
 0.125      0.16666667 0.20833333 0.09722222 0.09722222 0.16666667
 0.08333333 0.29166667 0.125      0.18055556 0.08333333 0.125
 0.20833333 0.16666667 0.18055556 0.09722222 0.         0.16666667
 0.25       0.22222222 0.20833333 0.08333333 0.23611111 0.125     ]",0.2351873598804314
Ranking,60,2,6.1093979999859584,4.847222222222221,"[[np.int64(25), 12], [37, np.int64(4)], [39, np.int64(41)], [52, np.int64(22)], [33, np.int64(2)], [42, np.int64(3)], [34, np.int64(53)], [np.int64(44), np.int64(48)], [55, np.int64(24)], [45, np.int64(16)], [np.int64(27), np.int64(9)], [26, 54], [28, 49], [31, np.int64(32)], [1, np.int64(5)], [14, np.int64(46)], [40, np.int64(11)], [43, np.int64(51)], [21, np.int64(57)], [10, np.int64(29)], [23, 50], [15, np.int64(17)], [58, np.int64(30)], [np.int64(38), np.int64(59)], [19, 18], [6, np.int64(36)], [35, np.int64(0)], [7, np.int64(8)], [20, np.int64(56)], [np.int64(47), np.int64(13)]]","[0.04166667 0.18055556 0.20833333 0.08333333 0.125      0.08333333
 0.125      0.18055556 0.16666667 0.27777778 0.09722222 0.29166667
 0.08333333 0.08333333 0.125      0.18055556 0.18055556 0.125
 0.20833333 0.125      0.25       0.09722222 0.22222222 0.125
 0.25       0.22222222 0.20833333 0.09722222 0.18055556 0.22222222]",0.23426538879557376
Ranking,60,2,6.649761499997112,4.6805555555555545,"[[50, np.int64(59)], [37, np.int64(4)], [39, np.int64(41)], [52, np.int64(22)], [np.int64(13), np.int64(2)], [26, np.int64(3)], [34, np.int64(53)], [54, np.int64(48)], [10, np.int64(24)], [7, np.int64(8)], [23, 45], [42, np.int64(38)], [12, np.int64(25)], [31, np.int64(32)], [1, np.int64(5)], [14, np.int64(46)], [40, np.int64(11)], [43, np.int64(51)], [21, np.int64(57)], [np.int64(16), np.int64(29)], [55, np.int64(47)], [15, np.int64(17)], [58, np.int64(30)], [18, np.int64(44)], [33, 19], [6, np.int64(36)], [35, np.int64(0)], [np.int64(9), np.int64(27)], [20, np.int64(56)], [49, 28]]","[0.125      0.18055556 0.20833333 0.08333333 0.15277778 0.125
 0.125      0.16666667 0.125      0.09722222 0.26388889 0.16666667
 0.04166667 0.08333333 0.125      0.18055556 0.18055556 0.125
 0.20833333 0.08333333 0.26388889 0.09722222 0.22222222 0.16666667
 0.29166667 0.22222222 0.20833333 0.09722222 0.18055556 0.08333333]",0.2282820014325183
Ranking,60,2,6.684420200006571,4.791666666666665,"[[50, np.int64(59)], [37, np.int64(4)], [39, np.int64(41)], [52, np.int64(22)], [33, np.int64(2)], [42, np.int64(3)], [35, np.int64(53)], [54, 26], [55, np.int64(24)], [np.int64(29), np.int64(16)], [23, np.int64(9)], [21, np.int64(38)], [np.int64(27), 19], [31, np.int64(32)], [1, np.int64(5)], [14, np.int64(46)], [40, np.int64(11)], [43, np.int64(51)], [34, np.int64(57)], [12, np.int64(25)], [10, np.int64(47)], [15, np.int64(17)], [58, np.int64(30)], [18, np.int64(44)], [45, np.int64(48)], [6, np.int64(36)], [np.int64(13), np.int64(0)], [7, np.int64(8)], [20, np.int64(56)], [49, 28]]","[0.125      0.18055556 0.20833333 0.08333333 0.125      0.08333333
 0.22222222 0.29166667 0.16666667 0.08333333 0.22222222 0.18055556
 0.22222222 0.08333333 0.125      0.18055556 0.18055556 0.125
 0.18055556 0.04166667 0.22222222 0.09722222 0.22222222 0.16666667
 0.18055556 0.22222222 0.20833333 0.09722222 0.18055556 0.08333333]",0.21379310344827596
Ranking,60,2,6.470572300007916,4.430555555555555,"[[np.int64(3), 26], [np.int64(11), np.int64(30)], [39, np.int64(41)], [52, np.int64(22)], [33, np.int64(2)], [np.int64(59), 50], [34, np.int64(53)], [54, np.int64(48)], [55, np.int64(24)], [np.int64(25), 12], [23, 45], [42, np.int64(38)], [28, 49], [31, np.int64(32)], [1, np.int64(5)], [14, np.int64(46)], [40, 37], [43, np.int64(51)], [21, np.int64(57)], [np.int64(16), np.int64(29)], [10, 19], [15, np.int64(17)], [58, np.int64(4)], [18, np.int64(44)], [np.int64(47), np.int64(13)], [6, 35], [np.int64(36), np.int64(0)], [7, np.int64(8)], [20, np.int64(56)], [np.int64(9), np.int64(27)]]","[0.125      0.         0.20833333 0.08333333 0.125      0.125
 0.125      0.16666667 0.16666667 0.04166667 0.26388889 0.16666667
 0.08333333 0.08333333 0.125      0.18055556 0.29166667 0.125
 0.20833333 0.08333333 0.23611111 0.09722222 0.125      0.16666667
 0.22222222 0.30555556 0.125      0.09722222 0.18055556 0.09722222]",0.2684034158469354
Ranking,60,2,6.565546300000278,4.624999999999999,"[[50, np.int64(59)], [39, np.int64(41)], [40, np.int64(36)], [52, np.int64(22)], [33, np.int64(2)], [26, np.int64(3)], [34, np.int64(53)], [54, np.int64(48)], [55, np.int64(24)], [28, np.int64(16)], [np.int64(27), np.int64(9)], [42, np.int64(38)], [np.int64(56), np.int64(25)], [31, np.int64(32)], [1, np.int64(5)], [14, np.int64(46)], [np.int64(30), np.int64(11)], [43, np.int64(51)], [np.int64(4), 6], [10, np.int64(29)], [np.int64(13), np.int64(47)], [15, np.int64(17)], [np.int64(57), 58], [18, np.int64(44)], [19, 45], [21, 37], [35, np.int64(0)], [7, np.int64(8)], [20, 23], [49, 12]]","[0.125      0.20833333 0.25       0.08333333 0.125      0.125
 0.125      0.16666667 0.16666667 0.125      0.09722222 0.16666667
 0.08333333 0.08333333 0.125      0.18055556 0.         0.125
 0.22222222 0.125      0.22222222 0.09722222 0.125      0.16666667
 0.25       0.30555556 0.20833333 0.09722222 0.23611111 0.20833333]",0.23765144454799636
ACO,60,3,2.8580505999998422,12.666666666666668,"[[5, 1, 53], [14, 13, 46], [38, 32, 21], [45, 48, 59], [12, 25, 28], [37, 39, 41], [3, 26, 54], [16, 29, 47], [58, 57, 4], [51, 2, 33], [7, 8, 24], [23, 50, 43], [52, 22, 40], [9, 27, 56], [44, 18, 19], [42, 20, 17], [55, 10, 49], [34, 11, 30], [36, 0, 15], [35, 31, 6]]","[0.41666667 0.83333333 1.08333333 0.61111111 0.33333333 0.75
 0.58333333 0.52777778 0.33333333 0.58333333 0.44444444 0.77777778
 0.58333333 0.47222222 0.66666667 0.88888889 0.75       0.5
 0.58333333 0.94444444]",0.18467220683287205
ACO,60,3,2.8524640000105137,12.888888888888888,"[[5, 1, 53], [14, 13, 46], [38, 32, 21], [45, 48, 59], [12, 25, 29], [22, 52, 40], [16, 28, 49], [41, 0, 36], [8, 7, 24], [35, 31, 15], [33, 2, 50], [39, 37, 58], [20, 17, 18], [47, 10, 55], [56, 27, 9], [57, 4, 34], [44, 19, 23], [3, 42, 54], [26, 51, 43], [6, 11, 30]]","[0.41666667 0.83333333 1.08333333 0.61111111 0.33333333 0.58333333
 0.66666667 0.5        0.44444444 0.75       0.69444444 0.69444444
 0.69444444 0.69444444 0.47222222 0.52777778 0.94444444 0.66666667
 0.69444444 0.58333333]",0.1547186932849367
ACO,60,3,2.8620053000049666,12.805555555555554,"[[5, 1, 53], [14, 13, 46], [38, 32, 21], [45, 59, 48], [12, 25, 29], [31, 36, 35], [54, 3, 26], [4, 58, 57], [41, 0, 7], [9, 27, 56], [16, 15, 17], [18, 44, 19], [22, 52, 40], [34, 11, 30], [49, 28, 43], [37, 39, 6], [51, 2, 33], [23, 50, 42], [20, 8, 47], [24, 10, 55]]","[0.41666667 0.83333333 1.08333333 0.61111111 0.33333333 0.66666667
 0.58333333 0.33333333 0.58333333 0.47222222 0.77777778 0.66666667
 0.58333333 0.5        0.55555556 0.80555556 0.58333333 1.
 0.91666667 0.5       ]",0.184610115309967
ACO,60,3,2.823749000002863,12.61111111111111,"[[5, 1, 53], [14, 13, 46], [38, 32, 21], [45, 48, 59], [12, 25, 29], [52, 22, 40], [30, 11, 34], [24, 7, 8], [42, 3, 54], [18, 44, 19], [36, 0, 41], [27, 9, 56], [23, 50, 43], [4, 57, 58], [26, 51, 2], [49, 28, 10], [35, 31, 6], [33, 39, 37], [17, 15, 20], [47, 16, 55]]","[0.41666667 0.83333333 1.08333333 0.61111111 0.33333333 0.58333333
 0.5        0.44444444 0.66666667 0.66666667 0.5        0.47222222
 0.77777778 0.33333333 0.69444444 0.58333333 0.94444444 0.77777778
 0.61111111 0.77777778]",0.17992116856016713
ACO,60,3,2.8989793000073405,12.833333333333332,"[[5, 1, 53], [14, 13, 46], [38, 32, 21], [45, 48, 59], [12, 25, 28], [15, 17, 20], [41, 39, 6], [18, 44, 19], [36, 31, 35], [55, 24, 10], [58, 4, 57], [52, 22, 40], [9, 27, 56], [2, 33, 51], [30, 11, 34], [16, 29, 47], [42, 3, 54], [0, 7, 8], [37, 23, 50], [49, 43, 26]]","[0.41666667 0.83333333 1.08333333 0.61111111 0.33333333 0.61111111
 1.         0.66666667 0.66666667 0.5        0.33333333 0.58333333
 0.47222222 0.58333333 0.5        0.52777778 0.66666667 0.69444444
 0.91666667 0.83333333]",0.18386876281613126
ACO,60,3,2.977310000002035,12.75,"[[5, 1, 53], [14, 13, 46], [38, 32, 21], [45, 48, 59], [12, 25, 29], [0, 36, 41], [56, 9, 27], [16, 28, 49], [50, 23, 43], [6, 37, 39], [57, 4, 58], [20, 17, 15], [8, 7, 24], [26, 3, 54], [52, 22, 40], [18, 44, 19], [10, 55, 47], [2, 33, 51], [11, 30, 34], [35, 31, 42]]","[0.41666667 0.83333333 1.08333333 0.61111111 0.33333333 0.5
 0.47222222 0.66666667 0.77777778 0.80555556 0.33333333 0.61111111
 0.44444444 0.58333333 0.58333333 0.66666667 0.69444444 0.58333333
 0.5        1.25      ]",0.19779841761265918
ACO,60,3,2.8501088000048185,12.861111111111109,"[[5, 1, 53], [14, 13, 46], [38, 32, 21], [45, 48, 42], [12, 25, 28], [59, 23, 50], [35, 31, 36], [44, 18, 19], [41, 39, 37], [7, 8, 24], [30, 11, 22], [17, 15, 20], [6, 0, 52], [4, 57, 58], [3, 54, 26], [29, 10, 16], [27, 9, 51], [56, 49, 43], [2, 33, 47], [40, 34, 55]]","[0.41666667 0.83333333 1.08333333 0.69444444 0.33333333 0.58333333
 0.66666667 0.66666667 0.75       0.44444444 0.27777778 0.61111111
 0.86111111 0.33333333 0.58333333 0.5        0.44444444 0.72222222
 0.86111111 1.19444444]",0.21814254859611246
ACO,60,3,2.8468021000007866,12.944444444444445,"[[5, 1, 53], [14, 13, 46], [38, 32, 21], [45, 48, 59], [12, 25, 29], [20, 27, 56], [0, 36, 41], [44, 18, 19], [23, 50, 43], [57, 58, 4], [34, 11, 30], [40, 22, 52], [15, 17, 8], [37, 39, 6], [55, 10, 24], [51, 2, 33], [31, 35, 7], [54, 3, 42], [47, 49, 28], [9, 16, 26]]","[0.41666667 0.83333333 1.08333333 0.61111111 0.33333333 0.52777778
 0.5        0.66666667 0.77777778 0.33333333 0.5        0.58333333
 0.69444444 0.80555556 0.5        0.58333333 0.75       0.66666667
 0.77777778 1.        ]",0.17799864468037074
ACO,60,3,2.8739314999984344,12.61111111111111,"[[5, 1, 53], [14, 13, 46], [38, 32, 21], [45, 48, 59], [12, 25, 28], [6, 57, 4], [26, 54, 3], [49, 29, 10], [16, 47, 55], [34, 11, 30], [33, 2, 51], [0, 36, 41], [9, 27, 56], [24, 7, 8], [52, 22, 40], [35, 31, 15], [50, 43, 23], [37, 39, 58], [44, 19, 18], [42, 17, 20]]","[0.41666667 0.83333333 1.08333333 0.61111111 0.33333333 0.61111111
 0.58333333 0.5        0.77777778 0.5        0.58333333 0.5
 0.47222222 0.44444444 0.58333333 0.75       0.77777778 0.69444444
 0.66666667 0.88888889]",0.1639230234175751
ACO,60,3,2.8424191000085557,12.805555555555557,"[[5, 1, 53], [14, 13, 46], [38, 32, 21], [45, 48, 59], [12, 25, 29], [3, 42, 10], [50, 2, 33], [49, 28, 43], [58, 57, 4], [0, 36, 41], [39, 37, 6], [18, 44, 19], [15, 17, 20], [34, 11, 30], [40, 22, 52], [7, 8, 24], [54, 26, 51], [23, 47, 16], [56, 27, 9], [35, 31, 55]]","[0.41666667 0.83333333 1.08333333 0.61111111 0.33333333 0.66666667
 0.69444444 0.55555556 0.33333333 0.5        0.80555556 0.66666667
 0.61111111 0.5        0.58333333 0.44444444 0.77777778 0.83333333
 0.47222222 1.08333333]",0.19168854892110987
PCK,60,3,25.523333899996942,19.972222222222218,"[[np.int64(0), np.int64(24), np.int64(29)], [np.int64(25), np.int64(44), np.int64(47)], [np.int64(27), np.int64(33), np.int64(43)], [np.int64(12), np.int64(28), np.int64(56)], [np.int64(3), np.int64(23), np.int64(59)], [np.int64(21), np.int64(22), np.int64(41)], [np.int64(4), np.int64(34), np.int64(58)], [np.int64(17), np.int64(19), np.int64(46)], [np.int64(26), np.int64(50), np.int64(54)], [np.int64(6), np.int64(11), np.int64(37)], [np.int64(36), np.int64(39), np.int64(42)], [np.int64(15), np.int64(45), np.int64(57)], [np.int64(7), np.int64(30), np.int64(40)], [np.int64(16), np.int64(49), np.int64(55)], [np.int64(8), np.int64(10), np.int64(20)], [np.int64(31), np.int64(35), np.int64(52)], [np.int64(9), np.int64(48), np.int64(51)], [5, 1, 53], [14, 13, 2], [38, 32, 18]]","[0.66666667 1.30555556 0.94444444 1.         0.66666667 1.22222222
 0.94444444 0.77777778 0.91666667 0.80555556 1.25       1.72222222
 1.11111111 1.08333333 0.94444444 0.83333333 0.94444444 0.41666667
 1.08333333 1.33333333]",0.16067637801039436
PCK,60,3,21.10417590000725,21.333333333333332,"[[np.int64(35), np.int64(41), np.int64(52)], [np.int64(10), np.int64(29), np.int64(56)], [np.int64(0), np.int64(17), np.int64(36)], [np.int64(23), np.int64(34), np.int64(58)], [np.int64(26), np.int64(43), np.int64(54)], [np.int64(42), np.int64(45), np.int64(59)], [np.int64(33), np.int64(37), np.int64(44)], [np.int64(39), np.int64(50), np.int64(3)], [np.int64(19), np.int64(25), np.int64(46)], [np.int64(4), np.int64(11), np.int64(57)], [np.int64(6), np.int64(30), np.int64(31)], [np.int64(15), np.int64(27), np.int64(55)], [np.int64(22), np.int64(24), np.int64(7)], [np.int64(8), np.int64(28), np.int64(47)], [np.int64(12), np.int64(16), np.int64(49)], [np.int64(40), np.int64(51), np.int64(20)], [np.int64(9), np.int64(21), np.int64(48)], [5, 1, 53], [14, 13, 2], [38, 32, 18]]","[0.91666667 0.75       0.52777778 1.80555556 0.94444444 1.02777778
 1.44444444 1.5        0.97222222 0.61111111 1.44444444 1.27777778
 0.83333333 1.02777778 0.91666667 1.72222222 0.77777778 0.41666667
 1.08333333 1.33333333]",0.20860745614035095
PCK,60,3,5.620949500007555,19.75,"[[np.int64(0), np.int64(15), np.int64(24)], [np.int64(22), np.int64(36), np.int64(16)], [np.int64(3), np.int64(48), np.int64(49)], [np.int64(39), np.int64(58), np.int64(37)], [np.int64(11), np.int64(46), np.int64(51)], [np.int64(4), np.int64(40), np.int64(52)], [np.int64(23), np.int64(42), np.int64(45)], [np.int64(27), np.int64(44), np.int64(47)], [np.int64(26), np.int64(43), np.int64(54)], [np.int64(30), np.int64(34), np.int64(41)], [np.int64(7), np.int64(17), np.int64(33)], [np.int64(6), np.int64(31), np.int64(35)], [np.int64(8), np.int64(10), np.int64(29)], [np.int64(56), np.int64(59), np.int64(20)], [np.int64(12), np.int64(28), np.int64(55)], [np.int64(50), np.int64(57), np.int64(21)], [np.int64(9), np.int64(19), np.int64(25)], [5, 1, 53], [14, 13, 2], [38, 32, 18]]","[0.75       0.75       1.66666667 0.69444444 0.77777778 0.97222222
 0.94444444 0.94444444 0.94444444 1.19444444 1.13888889 0.94444444
 0.69444444 1.08333333 0.83333333 1.19444444 1.38888889 0.41666667
 1.08333333 1.33333333]",0.1641128136797692
PCK,60,3,184.22214769999846,18.916666666666664,"[[np.int64(28), np.int64(41), np.int64(56)], [np.int64(0), np.int64(17), np.int64(46)], [np.int64(33), np.int64(45), np.int64(58)], [np.int64(10), np.int64(44), np.int64(47)], [np.int64(3), np.int64(42), np.int64(59)], [np.int64(34), np.int64(37), np.int64(4)], [np.int64(26), np.int64(43), np.int64(54)], [np.int64(39), np.int64(50), np.int64(57)], [np.int64(31), np.int64(35), np.int64(52)], [np.int64(12), np.int64(30), np.int64(40)], [np.int64(7), np.int64(24), np.int64(36)], [np.int64(11), np.int64(22), np.int64(6)], [np.int64(19), np.int64(25), np.int64(29)], [np.int64(8), np.int64(15), np.int64(20)], [np.int64(9), np.int64(27), np.int64(51)], [np.int64(21), np.int64(23), np.int64(48)], [np.int64(16), np.int64(49), np.int64(55)], [5, 1, 53], [14, 13, 2], [38, 32, 18]]","[1.5        0.80555556 1.16666667 1.05555556 0.58333333 0.72222222
 0.94444444 1.19444444 0.83333333 1.44444444 0.75       0.69444444
 0.88888889 0.94444444 0.44444444 1.02777778 1.08333333 0.41666667
 1.08333333 1.33333333]",0.1855630265090038
PCK,60,3,20.44743230000313,19.61111111111111,"[[np.int64(0), np.int64(41), np.int64(56)], [np.int64(18), np.int64(21), np.int64(46)], [np.int64(17), np.int64(30), np.int64(45)], [np.int64(31), np.int64(34), np.int64(35)], [np.int64(3), np.int64(48), np.int64(11)], [np.int64(42), np.int64(44), np.int64(59)], [np.int64(4), np.int64(26), np.int64(37)], [np.int64(6), np.int64(39), np.int64(52)], [np.int64(7), np.int64(16), np.int64(58)], [np.int64(15), np.int64(28), np.int64(29)], [np.int64(8), np.int64(22), np.int64(36)], [np.int64(23), np.int64(27), np.int64(47)], [np.int64(10), np.int64(24), np.int64(55)], [np.int64(12), np.int64(25), np.int64(49)], [np.int64(43), np.int64(51), np.int64(54)], [np.int64(9), np.int64(19), np.int64(20)], [np.int64(40), np.int64(50), np.int64(57)], [5, 1, 53], [14, 13, 2], [38, 32, 33]]","[1.         0.66666667 1.19444444 1.02777778 1.80555556 1.19444444
 1.02777778 1.08333333 1.05555556 0.66666667 0.86111111 0.97222222
 0.5        0.58333333 0.69444444 1.27777778 1.33333333 0.41666667
 1.08333333 1.16666667]",0.1883107201431341
PCK,60,3,14.006069099996239,18.27777777777778,"[[np.int64(0), np.int64(17), np.int64(52)], [np.int64(10), np.int64(23), np.int64(59)], [np.int64(12), np.int64(27), np.int64(56)], [np.int64(43), np.int64(50), np.int64(54)], [np.int64(9), np.int64(20), np.int64(25)], [np.int64(19), np.int64(45), np.int64(48)], [np.int64(4), np.int64(57), np.int64(58)], [np.int64(26), np.int64(37), np.int64(3)], [np.int64(11), np.int64(22), np.int64(46)], [np.int64(6), np.int64(18), np.int64(39)], [np.int64(21), np.int64(51), np.int64(47)], [np.int64(7), np.int64(15), np.int64(24)], [np.int64(36), np.int64(42), np.int64(44)], [np.int64(31), np.int64(35), np.int64(41)], [np.int64(8), np.int64(29), np.int64(55)], [np.int64(30), np.int64(34), np.int64(40)], [np.int64(16), np.int64(28), np.int64(49)], [5, 1, 53], [14, 13, 2], [38, 32, 33]]","[0.77777778 1.08333333 0.94444444 0.94444444 1.38888889 0.86111111
 0.33333333 0.91666667 0.88888889 0.88888889 1.11111111 0.66666667
 1.         1.         0.94444444 1.19444444 0.66666667 0.41666667
 1.08333333 1.16666667]",0.1535754279315309
PCK,60,3,5.536106300001848,20.361111111111107,"[[np.int64(0), np.int64(40), np.int64(56)], [np.int64(17), np.int64(30), np.int64(3)], [np.int64(31), np.int64(35), np.int64(52)], [np.int64(16), np.int64(49), np.int64(54)], [np.int64(48), np.int64(50), np.int64(51)], [np.int64(37), np.int64(46), np.int64(57)], [np.int64(43), np.int64(44), np.int64(47)], [np.int64(26), np.int64(42), np.int64(45)], [np.int64(4), np.int64(34), np.int64(58)], [np.int64(6), np.int64(39), np.int64(41)], [np.int64(21), np.int64(23), np.int64(33)], [np.int64(19), np.int64(20), np.int64(29)], [np.int64(7), np.int64(25), np.int64(55)], [np.int64(8), np.int64(11), np.int64(22)], [np.int64(15), np.int64(24), np.int64(36)], [np.int64(9), np.int64(27), np.int64(59)], [np.int64(10), np.int64(12), np.int64(28)], [5, 1, 53], [14, 13, 2], [38, 32, 18]]","[1.08333333 1.47222222 0.83333333 1.         1.36111111 1.11111111
 1.36111111 1.27777778 0.94444444 1.         1.11111111 0.88888889
 0.91666667 0.77777778 0.66666667 0.63888889 1.08333333 0.41666667
 1.08333333 1.33333333]",0.15315574064766263
PCK,60,3,19.922503199995845,20.361111111111107,"[[np.int64(24), np.int64(31), np.int64(35)], [np.int64(0), np.int64(17), np.int64(41)], [np.int64(16), np.int64(55), np.int64(56)], [np.int64(33), np.int64(58), np.int64(48)], [np.int64(20), np.int64(25), np.int64(49)], [np.int64(3), np.int64(19), np.int64(50)], [np.int64(4), np.int64(21), np.int64(51)], [np.int64(39), np.int64(40), np.int64(52)], [np.int64(11), np.int64(30), np.int64(34)], [np.int64(15), np.int64(36), np.int64(6)], [np.int64(7), np.int64(57), np.int64(26)], [np.int64(8), np.int64(10), np.int64(46)], [np.int64(12), np.int64(29), np.int64(59)], [np.int64(22), np.int64(28), np.int64(37)], [np.int64(42), np.int64(44), np.int64(45)], [np.int64(9), np.int64(27), np.int64(47)], [np.int64(23), np.int64(43), np.int64(54)], [5, 1, 53], [14, 13, 2], [38, 32, 18]]","[0.75       0.94444444 0.83333333 1.27777778 1.19444444 1.36111111
 1.33333333 1.25       0.5        0.69444444 1.25       0.88888889
 1.08333333 1.58333333 1.19444444 0.61111111 0.77777778 0.41666667
 1.08333333 1.33333333]",0.18403101888418183
PCK,60,3,30.8787483000051,20.86111111111111,"[[np.int64(0), np.int64(41), np.int64(56)], [np.int64(6), np.int64(35), np.int64(52)], [np.int64(17), np.int64(18), np.int64(36)], [np.int64(34), np.int64(58), np.int64(19)], [np.int64(16), np.int64(37), np.int64(50)], [np.int64(3), np.int64(42), np.int64(54)], [np.int64(31), np.int64(39), np.int64(51)], [np.int64(4), np.int64(30), np.int64(40)], [np.int64(21), np.int64(48), np.int64(49)], [np.int64(7), np.int64(22), np.int64(24)], [np.int64(11), np.int64(44), np.int64(47)], [np.int64(15), np.int64(20), np.int64(29)], [np.int64(25), np.int64(55), np.int64(43)], [np.int64(8), np.int64(45), np.int64(57)], [np.int64(9), np.int64(23), np.int64(59)], [np.int64(10), np.int64(27), np.int64(28)], [np.int64(12), np.int64(26), np.int64(46)], [5, 1, 53], [14, 13, 2], [38, 32, 33]]","[1.         0.94444444 0.72222222 1.27777778 1.33333333 0.66666667
 1.58333333 1.22222222 1.75       0.83333333 1.19444444 0.69444444
 0.97222222 1.19444444 0.61111111 1.19444444 1.         0.41666667
 1.08333333 1.16666667]",0.18074146751699496
PCK,60,3,183.84009030000016,19.555555555555554,"[[np.int64(0), np.int64(35), np.int64(52)], [np.int64(10), np.int64(27), np.int64(55)], [np.int64(21), np.int64(31), np.int64(11)], [np.int64(26), np.int64(33), np.int64(54)], [np.int64(3), np.int64(42), np.int64(59)], [np.int64(41), np.int64(45), np.int64(58)], [np.int64(4), np.int64(43), np.int64(57)], [np.int64(6), np.int64(39), np.int64(48)], [np.int64(9), np.int64(50), np.int64(51)], [np.int64(12), np.int64(25), np.int64(49)], [np.int64(30), np.int64(40), np.int64(37)], [np.int64(16), np.int64(19), np.int64(20)], [np.int64(7), np.int64(22), np.int64(34)], [np.int64(8), np.int64(23), np.int64(44)], [np.int64(24), np.int64(28), np.int64(36)], [np.int64(15), np.int64(17), np.int64(46)], [np.int64(29), np.int64(47), np.int64(56)], [5, 1, 53], [14, 13, 2], [38, 32, 18]]","[0.58333333 1.19444444 1.22222222 1.19444444 0.58333333 1.38888889
 0.91666667 1.38888889 1.11111111 0.58333333 1.08333333 1.22222222
 0.86111111 0.97222222 0.83333333 0.72222222 0.86111111 0.41666667
 1.08333333 1.33333333]",0.17404306220095683
Ranking,60,3,4.467454500001622,13.36111111111111,"[[39, 58, np.int64(37)], [50, np.int64(59), np.int64(38)], [np.int64(5), np.int64(32), np.int64(35)], [56, np.int64(9), np.int64(16)], [np.int64(57), np.int64(30), np.int64(11)], [6, np.int64(4), np.int64(15)], [26, np.int64(3), 14], [55, np.int64(47), np.int64(13)], [40, np.int64(22), 52], [21, 45, 23], [np.int64(19), np.int64(43), np.int64(46)], [1, np.int64(53), 34], [31, np.int64(7), np.int64(24)], [54, np.int64(49), np.int64(51)], [42, np.int64(29), np.int64(18)], [np.int64(36), np.int64(0), np.int64(41)], [33, np.int64(8), np.int64(2)], [44, np.int64(10), np.int64(48)], [np.int64(20), np.int64(27), np.int64(17)], [np.int64(28), np.int64(25), np.int64(12)]]","[0.69444444 0.41666667 0.61111111 0.72222222 0.36111111 0.88888889
 0.58333333 0.69444444 0.58333333 0.86111111 0.66666667 0.58333333
 0.66666667 1.25       0.91666667 0.5        0.69444444 0.75
 0.58333333 0.33333333]",0.17058759164022325
Ranking,60,3,4.347487399994861,13.222222222222223,"[[39, np.int64(41), np.int64(37)], [50, np.int64(59), np.int64(38)], [31, np.int64(32), np.int64(35)], [26, np.int64(3), 14], [np.int64(5), np.int64(30), np.int64(11)], [6, np.int64(4), np.int64(15)], [23, 21, 45], [55, np.int64(47), np.int64(13)], [1, np.int64(53), 34], [58, np.int64(57), np.int64(46)], [np.int64(9), 56, np.int64(27)], [np.int64(17), np.int64(36), np.int64(20)], [40, 52, np.int64(22)], [54, np.int64(49), np.int64(51)], [42, np.int64(29), np.int64(18)], [np.int64(7), np.int64(0), np.int64(24)], [44, np.int64(2), np.int64(8)], [np.int64(16), np.int64(19), np.int64(10)], [np.int64(43), 33, np.int64(48)], [np.int64(28), np.int64(25), np.int64(12)]]","[0.75       0.41666667 0.41666667 0.58333333 0.33333333 0.88888889
 0.86111111 0.69444444 0.58333333 0.66666667 0.47222222 0.52777778
 0.58333333 1.25       0.91666667 0.58333333 0.69444444 0.88888889
 0.77777778 0.33333333]",0.19593100398053967
Ranking,60,3,4.364522799995029,13.111111111111109,"[[39, np.int64(41), np.int64(37)], [50, np.int64(59), np.int64(38)], [31, np.int64(32), np.int64(35)], [26, 14, np.int64(3)], [1, np.int64(53), np.int64(5)], [6, np.int64(4), np.int64(15)], [33, np.int64(48), np.int64(43)], [55, np.int64(24), np.int64(13)], [40, np.int64(22), np.int64(11)], [21, np.int64(2), 44], [np.int64(9), np.int64(27), 56], [np.int64(57), np.int64(30), 58], [34, np.int64(7), np.int64(8)], [54, np.int64(49), np.int64(51)], [42, np.int64(29), np.int64(18)], [np.int64(17), np.int64(0), np.int64(36)], [45, np.int64(19), np.int64(46)], [23, 52, np.int64(20)], [np.int64(25), np.int64(28), np.int64(12)], [np.int64(16), np.int64(10), np.int64(47)]]","[0.75       0.41666667 0.41666667 0.58333333 0.41666667 0.88888889
 0.77777778 0.58333333 0.44444444 0.75       0.47222222 0.52777778
 0.69444444 1.25       0.91666667 0.52777778 0.66666667 1.
 0.33333333 0.69444444]",0.2004906333630687
Ranking,60,3,4.423879599999054,13.361111111111109,"[[39, np.int64(41), np.int64(37)], [50, np.int64(59), np.int64(38)], [52, np.int64(0), np.int64(36)], [26, np.int64(3), 14], [40, np.int64(22), np.int64(11)], [6, np.int64(4), np.int64(15)], [23, np.int64(19), np.int64(10)], [55, np.int64(47), np.int64(13)], [1, np.int64(5), np.int64(53)], [21, np.int64(2), 44], [np.int64(20), np.int64(17), np.int64(27)], [58, np.int64(30), np.int64(57)], [34, np.int64(7), np.int64(24)], [54, np.int64(49), np.int64(51)], [42, np.int64(29), np.int64(18)], [31, np.int64(32), np.int64(35)], [np.int64(25), np.int64(28), np.int64(12)], [56, np.int64(43), np.int64(16)], [45, np.int64(46), np.int64(8)], [33, np.int64(9), np.int64(48)]]","[0.75       0.41666667 0.58333333 0.58333333 0.44444444 0.88888889
 0.91666667 0.69444444 0.41666667 0.75       0.58333333 0.52777778
 0.77777778 1.25       0.91666667 0.41666667 0.33333333 0.72222222
 0.69444444 0.69444444]",0.18678192362402887
Ranking,60,3,4.43887349999568,13.388888888888888,"[[np.int64(53), 1, np.int64(5)], [50, np.int64(59), np.int64(38)], [31, np.int64(32), np.int64(35)], [23, np.int64(3), np.int64(43)], [np.int64(13), 39, np.int64(37)], [6, np.int64(4), np.int64(15)], [np.int64(28), np.int64(12), np.int64(25)], [55, np.int64(24), np.int64(10)], [np.int64(0), np.int64(36), np.int64(41)], [21, np.int64(57), np.int64(46)], [56, np.int64(20), np.int64(27)], [58, np.int64(30), np.int64(11)], [34, np.int64(7), np.int64(8)], [54, np.int64(49), np.int64(51)], [42, np.int64(29), np.int64(18)], [52, 40, np.int64(22)], [33, np.int64(19), np.int64(2)], [44, np.int64(17), 14], [45, np.int64(48), 26], [np.int64(47), np.int64(9), np.int64(16)]]","[0.41666667 0.41666667 0.41666667 0.77777778 0.83333333 0.88888889
 0.33333333 0.5        0.5        0.66666667 0.52777778 0.44444444
 0.69444444 1.25       0.91666667 0.58333333 0.66666667 1.05555556
 0.69444444 0.80555556]",0.20462983184101316
Ranking,60,3,4.368757200005348,13.333333333333332,"[[39, 33, np.int64(37)], [50, np.int64(59), np.int64(38)], [np.int64(53), np.int64(5), 1], [23, np.int64(9), np.int64(48)], [np.int64(22), 40, np.int64(11)], [6, np.int64(4), np.int64(15)], [np.int64(16), np.int64(43), np.int64(12)], [55, np.int64(47), np.int64(13)], [31, 34, np.int64(32)], [21, np.int64(2), 44], [14, 26, np.int64(3)], [58, np.int64(30), np.int64(57)], [np.int64(35), 52, np.int64(24)], [54, np.int64(49), np.int64(51)], [42, np.int64(29), np.int64(18)], [np.int64(36), np.int64(0), np.int64(41)], [np.int64(28), np.int64(25), np.int64(10)], [np.int64(7), np.int64(8), np.int64(17)], [45, np.int64(46), np.int64(19)], [56, np.int64(20), np.int64(27)]]","[0.77777778 0.41666667 0.41666667 0.77777778 0.44444444 0.88888889
 0.72222222 0.69444444 0.69444444 0.75       0.58333333 0.52777778
 0.66666667 1.25       0.91666667 0.5        0.41666667 0.69444444
 0.66666667 0.52777778]",0.169078947368421
Ranking,60,3,4.394807200005744,12.972222222222218,"[[39, 34, np.int64(37)], [50, np.int64(59), np.int64(38)], [31, np.int64(32), np.int64(35)], [14, np.int64(3), 26], [58, np.int64(30), np.int64(57)], [6, np.int64(4), np.int64(15)], [33, np.int64(48), np.int64(43)], [55, np.int64(24), np.int64(13)], [40, np.int64(22), np.int64(11)], [np.int64(19), np.int64(2), np.int64(46)], [np.int64(28), np.int64(25), np.int64(12)], [1, np.int64(53), np.int64(5)], [np.int64(47), np.int64(10), np.int64(16)], [54, np.int64(49), np.int64(51)], [42, np.int64(29), np.int64(18)], [52, np.int64(0), np.int64(41)], [np.int64(17), np.int64(20), np.int64(36)], [44, np.int64(8), np.int64(7)], [45, 21, 23], [np.int64(27), 56, np.int64(9)]]","[0.80555556 0.41666667 0.41666667 0.58333333 0.52777778 0.88888889
 0.77777778 0.58333333 0.44444444 0.66666667 0.33333333 0.41666667
 0.69444444 1.25       0.91666667 0.66666667 0.52777778 0.72222222
 0.86111111 0.47222222]",0.1948608137044969
Ranking,60,3,4.465013699998963,13.416666666666664,"[[34, np.int64(53), 1], [50, np.int64(59), np.int64(38)], [31, np.int64(24), np.int64(36)], [26, np.int64(3), 14], [np.int64(32), np.int64(35), np.int64(5)], [6, np.int64(4), np.int64(15)], [np.int64(28), np.int64(25), np.int64(12)], [55, np.int64(47), np.int64(13)], [40, np.int64(22), 52], [21, np.int64(2), 33], [np.int64(43), np.int64(48), 23], [58, 39, np.int64(37)], [np.int64(57), np.int64(11), np.int64(30)], [54, np.int64(49), np.int64(51)], [42, np.int64(29), np.int64(18)], [np.int64(7), np.int64(0), np.int64(41)], [np.int64(46), 45, np.int64(8)], [44, np.int64(19), np.int64(10)], [np.int64(9), np.int64(16), 56], [np.int64(17), np.int64(20), np.int64(27)]]","[0.58333333 0.41666667 0.58333333 0.58333333 0.61111111 0.88888889
 0.33333333 0.69444444 0.58333333 0.75       0.77777778 0.69444444
 0.36111111 1.25       0.91666667 0.58333333 0.69444444 0.80555556
 0.72222222 0.58333333]",0.16639424648577972
Ranking,60,3,4.303163000004133,12.72222222222222,"[[39, 34, np.int64(37)], [50, np.int64(59), np.int64(38)], [31, np.int64(35), np.int64(32)], [26, np.int64(3), 14], [1, np.int64(53), np.int64(5)], [6, np.int64(4), np.int64(15)], [44, np.int64(10), np.int64(48)], [55, np.int64(47), np.int64(13)], [40, np.int64(22), np.int64(11)], [np.int64(30), np.int64(57), 58], [np.int64(43), np.int64(16), 23], [np.int64(36), np.int64(17), np.int64(20)], [np.int64(8), np.int64(7), np.int64(24)], [54, np.int64(49), np.int64(51)], [42, np.int64(29), np.int64(18)], [52, np.int64(0), np.int64(41)], [np.int64(12), np.int64(25), np.int64(28)], [33, 21, np.int64(2)], [45, np.int64(46), np.int64(19)], [56, np.int64(9), np.int64(27)]]","[0.80555556 0.41666667 0.41666667 0.58333333 0.41666667 0.88888889
 0.75       0.69444444 0.44444444 0.52777778 0.75       0.52777778
 0.44444444 1.25       0.91666667 0.66666667 0.33333333 0.75
 0.66666667 0.47222222]",0.19627671799586296
Ranking,60,3,4.3712208999932045,12.833333333333332,"[[39, 34, np.int64(37)], [50, np.int64(59), np.int64(38)], [np.int64(7), np.int64(24), np.int64(10)], [44, 21, np.int64(48)], [1, np.int64(53), np.int64(5)], [6, np.int64(4), np.int64(15)], [np.int64(35), 31, np.int64(32)], [55, np.int64(47), np.int64(13)], [23, np.int64(16), np.int64(43)], [14, np.int64(3), 26], [np.int64(9), 56, np.int64(27)], [58, np.int64(30), np.int64(57)], [40, np.int64(11), np.int64(22)], [54, np.int64(49), np.int64(51)], [42, np.int64(29), np.int64(18)], [52, np.int64(0), np.int64(41)], [33, np.int64(2), np.int64(19)], [np.int64(46), np.int64(8), 45], [np.int64(12), np.int64(28), np.int64(25)], [np.int64(17), np.int64(36), np.int64(20)]]","[0.80555556 0.41666667 0.58333333 0.77777778 0.41666667 0.88888889
 0.41666667 0.69444444 0.75       0.58333333 0.47222222 0.52777778
 0.44444444 1.25       0.91666667 0.66666667 0.66666667 0.69444444
 0.33333333 0.52777778]",0.1909318751424016
ACO,60,4,3.2236237000033725,22.458333333333336,"[[5, 1, 53, 11], [14, 13, 46, 8], [38, 32, 21, 42], [45, 48, 59, 50], [12, 25, 29, 28], [19, 18, 44, 27], [23, 20, 49, 10], [58, 4, 57, 30], [22, 52, 40, 35], [39, 41, 37, 6], [17, 15, 36, 0], [9, 56, 16, 47], [33, 2, 51, 43], [7, 24, 34, 31], [54, 3, 26, 55]]","[1.08333333 1.72222222 2.01388889 1.41666667 0.91666667 1.41666667
 1.76388889 1.08333333 1.41666667 1.86111111 1.08333333 1.59722222
 1.5        1.66666667 1.91666667]",0.13287392879229618
ACO,60,4,3.215836899995338,22.59722222222222,"[[5, 1, 53, 11], [14, 13, 46, 19], [38, 32, 44, 21], [45, 48, 54, 59], [12, 25, 28, 49], [8, 7, 18, 24], [17, 15, 36, 0], [33, 2, 50, 23], [30, 57, 58, 4], [16, 29, 10, 47], [27, 9, 51, 43], [41, 39, 6, 37], [31, 22, 52, 35], [40, 34, 3, 26], [56, 55, 20, 42]]","[1.08333333 1.75       1.91666667 1.33333333 0.95833333 1.26388889
 1.08333333 1.76388889 1.08333333 1.16666667 1.25       1.86111111
 1.41666667 2.61111111 2.05555556]",0.17464219861269636
ACO,60,4,3.2415419000026304,22.180555555555557,"[[5, 1, 53, 30], [14, 13, 46, 8], [38, 32, 21, 44], [45, 48, 59, 23], [12, 25, 28, 29], [4, 57, 58, 11], [20, 17, 15, 36], [50, 6, 39, 37], [19, 18, 42, 3], [52, 22, 40, 34], [16, 47, 10, 55], [9, 27, 49, 56], [24, 7, 35, 31], [43, 51, 26, 54], [2, 33, 41, 0]]","[1.08333333 1.72222222 1.91666667 1.41666667 0.91666667 1.08333333
 1.22222222 2.125      1.55555556 1.70833333 1.5        1.18055556
 1.375      1.55555556 1.81944444]",0.1369532158511495
ACO,60,4,3.2310855999967316,22.069444444444443,"[[5, 1, 30, 11], [14, 13, 46, 8], [38, 32, 21, 42], [45, 48, 59, 54], [12, 25, 28, 29], [19, 18, 44, 17], [15, 56, 16, 7], [53, 22, 52, 35], [41, 39, 37, 34], [40, 57, 58, 4], [51, 43, 27, 9], [50, 23, 3, 26], [10, 24, 55, 49], [20, 47, 2, 33], [31, 36, 0, 6]]","[0.95833333 1.72222222 2.01388889 1.33333333 0.91666667 1.66666667
 1.45833333 1.16666667 1.81944444 1.375      1.25       1.70833333
 1.33333333 1.80555556 1.54166667]",0.12874224579699714
ACO,60,4,3.267108100000769,22.347222222222225,"[[5, 1, 53, 11], [14, 13, 46, 19], [38, 32, 21, 44], [45, 48, 59, 54], [12, 25, 29, 28], [35, 52, 22, 40], [0, 36, 17, 15], [55, 24, 10, 16], [9, 27, 56, 20], [42, 3, 18, 47], [33, 2, 51, 43], [23, 26, 50, 49], [30, 57, 58, 4], [39, 37, 41, 34], [8, 7, 6, 31]]","[1.08333333 1.75       1.91666667 1.33333333 0.91666667 1.41666667
 1.08333333 1.375      1.25       1.76388889 1.5        2.04166667
 1.08333333 1.81944444 2.01388889]",0.1474740300097666
ACO,60,4,3.2500277000071947,22.152777777777775,"[[5, 1, 53, 30], [14, 13, 46, 19], [38, 32, 20, 17], [45, 48, 59, 50], [12, 25, 29, 56], [47, 55, 10, 16], [35, 52, 0, 36], [34, 57, 4, 6], [51, 27, 9, 44], [2, 33, 21, 15], [31, 22, 40, 11], [28, 49, 43, 26], [23, 54, 3, 42], [24, 7, 8, 18], [37, 39, 58, 41]]","[1.08333333 1.75       1.91666667 1.41666667 1.         1.5
 1.25       1.51388889 1.29166667 1.58333333 1.5        1.65277778
 1.58333333 1.26388889 1.84722222]",0.10497089117778786
ACO,60,4,3.291577199997846,22.40277777777777,"[[5, 1, 53, 11], [14, 13, 46, 19], [38, 32, 44, 21], [45, 48, 59, 54], [12, 25, 28, 29], [57, 4, 58, 30], [2, 33, 7, 8], [27, 9, 51, 43], [24, 36, 0, 18], [47, 55, 10, 49], [37, 39, 41, 6], [42, 3, 26, 50], [23, 16, 56, 20], [52, 22, 40, 35], [15, 17, 31, 34]]","[1.08333333 1.75       1.91666667 1.33333333 0.91666667 1.08333333
 1.47222222 1.25       1.125      1.45833333 1.86111111 1.875
 1.80555556 1.41666667 2.05555556]",0.14303427508635214
ACO,60,4,3.228206100000534,22.51388888888889,"[[5, 1, 53, 30], [14, 13, 46, 8], [38, 32, 21, 44], [45, 48, 54, 59], [12, 25, 29, 28], [41, 39, 37, 34], [40, 22, 11, 52], [56, 16, 27, 9], [50, 23, 43, 51], [47, 55, 10, 49], [24, 7, 0, 35], [58, 4, 57, 6], [26, 3, 42, 19], [17, 15, 20, 18], [31, 36, 33, 2]]","[1.08333333 1.72222222 1.91666667 1.33333333 0.91666667 1.81944444
 1.29166667 1.22222222 1.76388889 1.45833333 1.25       1.45833333
 1.91666667 1.375      1.98611111]",0.13016656384947567
ACO,60,4,3.277482499994221,22.374999999999996,"[[5, 1, 53, 30], [14, 13, 46, 8], [38, 32, 44, 21], [45, 48, 54, 59], [12, 25, 29, 28], [58, 57, 4, 34], [10, 47, 55, 49], [22, 11, 40, 52], [31, 15, 36, 17], [42, 3, 18, 20], [27, 9, 33, 50], [35, 0, 7, 24], [41, 39, 37, 6], [16, 56, 23, 43], [51, 2, 26, 19]]","[1.08333333 1.72222222 1.91666667 1.33333333 0.91666667 1.33333333
 1.45833333 1.29166667 1.375      1.63888889 1.625      1.25
 1.86111111 1.73611111 1.83333333]",0.1174071118205196
ACO,60,4,3.3271611999953166,22.208333333333336,"[[5, 1, 53, 30], [14, 13, 46, 19], [38, 32, 21, 41], [45, 48, 59, 54], [12, 25, 28, 29], [44, 18, 20, 17], [26, 3, 23, 50], [27, 9, 16, 56], [10, 49, 47, 43], [34, 11, 40, 57], [6, 36, 0, 15], [2, 33, 51, 42], [8, 7, 24, 55], [52, 22, 35, 31], [4, 58, 37, 39]]","[1.08333333 1.75       2.19444444 1.33333333 0.91666667 1.63888889
 1.70833333 1.22222222 1.72222222 1.33333333 1.29166667 1.66666667
 1.375      1.41666667 1.55555556]",0.12159385330117026
PCK,60,4,15.522970199992415,32.98611111111111,"[[np.int64(10), np.int64(12), np.int64(35), np.int64(41)], [np.int64(17), np.int64(18), np.int64(36), np.int64(52)], [np.int64(22), np.int64(24), np.int64(37), np.int64(57)], [np.int64(30), np.int64(39), np.int64(51), np.int64(58)], [np.int64(4), np.int64(31), np.int64(34), np.int64(40)], [np.int64(6), np.int64(23), np.int64(59), np.int64(56)], [np.int64(3), np.int64(7), np.int64(48), np.int64(50)], [np.int64(16), np.int64(29), np.int64(49), np.int64(0)], [np.int64(8), np.int64(15), np.int64(20), np.int64(55)], [np.int64(26), np.int64(28), np.int64(43), np.int64(54)], [np.int64(9), np.int64(27), np.int64(47), np.int64(25)], [np.int64(42), np.int64(44), np.int64(45), np.int64(19)], [5, 1, 53, 11], [14, 13, 2, 46], [38, 32, 33, 21]]","[3.08333333 1.76388889 3.06944444 2.375      2.34722222 3.31944444
 2.75       1.625      2.09722222 2.01388889 1.625      2.04166667
 1.08333333 1.75       2.04166667]",0.1653533834586467
PCK,60,4,4.379508500001975,32.73611111111111,"[[np.int64(0), np.int64(41), np.int64(23), np.int64(16)], [np.int64(31), np.int64(35), np.int64(40), np.int64(52)], [np.int64(3), np.int64(19), np.int64(20), np.int64(50)], [np.int64(26), np.int64(37), np.int64(54), np.int64(57)], [np.int64(42), np.int64(43), np.int64(45), np.int64(47)], [np.int64(6), np.int64(21), np.int64(34), np.int64(39)], [np.int64(4), np.int64(22), np.int64(30), np.int64(58)], [np.int64(25), np.int64(36), np.int64(44), np.int64(27)], [np.int64(7), np.int64(15), np.int64(24), np.int64(55)], [np.int64(12), np.int64(29), np.int64(56), np.int64(59)], [np.int64(8), np.int64(10), np.int64(17), np.int64(28)], [np.int64(9), np.int64(48), np.int64(49), np.int64(51)], [5, 1, 53, 11], [14, 13, 2, 46], [38, 32, 18, 33]]","[2.375      2.125      2.97222222 2.75       2.79166667 2.55555556
 1.51388889 1.88888889 1.5        2.29166667 2.22222222 2.625
 1.08333333 1.75       2.29166667]",0.1449784835444575
PCK,60,4,11.947772200001054,31.31944444444444,"[[np.int64(0), np.int64(22), np.int64(28), np.int64(36)], [np.int64(23), np.int64(37), np.int64(50), np.int64(59)], [np.int64(27), np.int64(44), np.int64(47), np.int64(57)], [np.int64(3), np.int64(26), np.int64(43), np.int64(54)], [np.int64(30), np.int64(39), np.int64(58), np.int64(45)], [np.int64(4), np.int64(31), np.int64(40), np.int64(52)], [np.int64(18), np.int64(34), np.int64(41), np.int64(9)], [np.int64(7), np.int64(15), np.int64(24), np.int64(35)], [np.int64(10), np.int64(12), np.int64(42), np.int64(56)], [np.int64(20), np.int64(25), np.int64(29), np.int64(17)], [np.int64(8), np.int64(19), np.int64(55), np.int64(6)], [np.int64(16), np.int64(48), np.int64(49), np.int64(51)], [5, 1, 53, 11], [14, 13, 2, 46], [38, 32, 33, 21]]","[2.08333333 1.66666667 2.38888889 1.45833333 2.04166667 2.375
 2.84722222 1.375      2.54166667 1.59722222 2.375      3.69444444
 1.08333333 1.75       2.04166667]",0.17839721254355403
PCK,60,4,4.438896799998474,32.59722222222222,"[[np.int64(30), np.int64(31), np.int64(40), np.int64(52)], [np.int64(0), np.int64(16), np.int64(49), np.int64(55)], [np.int64(43), np.int64(44), np.int64(45), np.int64(47)], [np.int64(26), np.int64(37), np.int64(54), np.int64(59)], [np.int64(17), np.int64(21), np.int64(23), np.int64(3)], [np.int64(4), np.int64(51), np.int64(58), np.int64(35)], [np.int64(12), np.int64(15), np.int64(42), np.int64(56)], [np.int64(7), np.int64(10), np.int64(24), np.int64(41)], [np.int64(8), np.int64(22), np.int64(28), np.int64(29)], [np.int64(34), np.int64(36), np.int64(6), np.int64(57)], [np.int64(9), np.int64(48), np.int64(50), np.int64(39)], [np.int64(19), np.int64(20), np.int64(25), np.int64(27)], [5, 1, 53, 11], [14, 13, 2, 46], [38, 32, 18, 33]]","[2.91666667 2.29166667 2.66666667 2.29166667 2.63888889 2.25
 2.375      1.75       1.875      1.875      2.41666667 2.125
 1.08333333 1.75       2.29166667]",0.11753606427658399
PCK,60,4,12.505580199998803,29.763888888888886,"[[np.int64(0), np.int64(31), np.int64(40), np.int64(52)], [np.int64(16), np.int64(29), np.int64(30), np.int64(49)], [np.int64(9), np.int64(48), np.int64(50), np.int64(54)], [np.int64(3), np.int64(19), np.int64(57), np.int64(7)], [np.int64(4), np.int64(22), np.int64(34), np.int64(37)], [np.int64(11), np.int64(44), np.int64(47), np.int64(20)], [np.int64(6), np.int64(35), np.int64(36), np.int64(39)], [np.int64(21), np.int64(23), np.int64(51), np.int64(45)], [np.int64(17), np.int64(27), np.int64(42), np.int64(59)], [np.int64(12), np.int64(26), np.int64(43), np.int64(58)], [np.int64(10), np.int64(28), np.int64(56), np.int64(25)], [np.int64(8), np.int64(15), np.int64(24), np.int64(55)], [5, 1, 53, 41], [14, 13, 2, 46], [38, 32, 18, 33]]","[2.25       2.29166667 1.83333333 2.45833333 1.93055556 2.125
 1.97222222 1.95833333 2.40277778 2.20833333 1.33333333 1.625
 1.33333333 1.75       2.29166667]",0.10445970268648759
PCK,60,4,4.370241799988435,32.375,"[[np.int64(29), np.int64(36), np.int64(44), np.int64(47)], [np.int64(0), np.int64(7), np.int64(15), np.int64(24)], [np.int64(3), np.int64(20), np.int64(31), np.int64(45)], [np.int64(4), np.int64(30), np.int64(51), np.int64(58)], [np.int64(16), np.int64(40), np.int64(49), np.int64(52)], [np.int64(6), np.int64(35), np.int64(37), np.int64(39)], [np.int64(43), np.int64(48), np.int64(50), np.int64(54)], [np.int64(19), np.int64(25), np.int64(55), np.int64(57)], [np.int64(8), np.int64(18), np.int64(34), np.int64(41)], [np.int64(10), np.int64(12), np.int64(28), np.int64(56)], [np.int64(9), np.int64(23), np.int64(26), np.int64(59)], [np.int64(27), np.int64(42), np.int64(22), np.int64(17)], [5, 1, 53, 11], [14, 13, 2, 46], [38, 32, 33, 21]]","[1.97222222 1.33333333 2.97222222 2.125      3.25       1.98611111
 1.66666667 2.77777778 2.66666667 2.29166667 1.75       2.70833333
 1.08333333 1.75       2.04166667]",0.16731016731016726
PCK,60,4,13.370795999988331,32.18055555555556,"[[np.int64(0), np.int64(16), np.int64(36), np.int64(25)], [np.int64(30), np.int64(40), np.int64(52), np.int64(4)], [np.int64(31), np.int64(35), np.int64(39), np.int64(41)], [np.int64(10), np.int64(12), np.int64(28), np.int64(56)], [np.int64(3), np.int64(42), np.int64(59), np.int64(54)], [np.int64(17), np.int64(27), np.int64(34), np.int64(44)], [np.int64(22), np.int64(26), np.int64(37), np.int64(57)], [np.int64(6), np.int64(15), np.int64(24), np.int64(47)], [np.int64(7), np.int64(19), np.int64(29), np.int64(55)], [np.int64(8), np.int64(20), np.int64(43), np.int64(45)], [np.int64(23), np.int64(48), np.int64(49), np.int64(50)], [np.int64(9), np.int64(21), np.int64(51), np.int64(58)], [5, 1, 53, 11], [14, 13, 2, 46], [38, 32, 18, 33]]","[1.75       2.22222222 2.04166667 2.29166667 1.375      2.5
 3.26388889 2.68055556 2.125      2.26388889 2.41666667 2.125
 1.08333333 1.75       2.29166667]",0.13644491029040015
PCK,60,4,13.628149900003336,31.90277777777778,"[[np.int64(0), np.int64(40), np.int64(41), np.int64(56)], [np.int64(17), np.int64(31), np.int64(35), np.int64(52)], [np.int64(3), np.int64(48), np.int64(50), np.int64(51)], [np.int64(16), np.int64(23), np.int64(49), np.int64(30)], [np.int64(6), np.int64(22), np.int64(36), np.int64(4)], [np.int64(7), np.int64(18), np.int64(34), np.int64(58)], [np.int64(10), np.int64(12), np.int64(27), np.int64(28)], [np.int64(19), np.int64(20), np.int64(25), np.int64(29)], [np.int64(8), np.int64(15), np.int64(24), np.int64(55)], [np.int64(9), np.int64(47), np.int64(54), np.int64(59)], [np.int64(42), np.int64(43), np.int64(44), np.int64(45)], [np.int64(26), np.int64(37), np.int64(57), np.int64(39)], [5, 1, 53, 11], [14, 13, 2, 46], [38, 32, 33, 21]]","[2.25       2.08333333 2.79166667 2.72222222 2.01388889 2.26388889
 2.41666667 2.09722222 1.625      1.93055556 2.5        2.33333333
 1.08333333 1.75       2.04166667]",0.11555444990360098
PCK,60,4,13.188306700001704,31.20833333333333,"[[np.int64(30), np.int64(40), np.int64(41), np.int64(39)], [np.int64(0), np.int64(31), np.int64(35), np.int64(52)], [np.int64(16), np.int64(17), np.int64(55), np.int64(56)], [np.int64(3), np.int64(23), np.int64(48), np.int64(50)], [np.int64(22), np.int64(24), np.int64(37), np.int64(57)], [np.int64(4), np.int64(6), np.int64(34), np.int64(58)], [np.int64(7), np.int64(19), np.int64(25), np.int64(49)], [np.int64(15), np.int64(20), np.int64(36), np.int64(51)], [np.int64(26), np.int64(28), np.int64(43), np.int64(45)], [np.int64(8), np.int64(42), np.int64(44), np.int64(47)], [np.int64(10), np.int64(12), np.int64(29), np.int64(54)], [np.int64(9), np.int64(18), np.int64(27), np.int64(59)], [5, 1, 53, 11], [14, 13, 2, 46], [38, 32, 33, 21]]","[2.47222222 1.58333333 2.29166667 2.08333333 3.06944444 2.22222222
 2.125      1.80555556 2.08333333 2.47222222 2.25       1.875
 1.08333333 1.75       2.04166667]",0.12047809778116836
PCK,60,4,12.570206499993219,30.402777777777775,"[[np.int64(0), np.int64(17), np.int64(41), np.int64(52)], [np.int64(10), np.int64(12), np.int64(56), np.int64(59)], [np.int64(42), np.int64(43), np.int64(44), np.int64(36)], [np.int64(27), np.int64(28), np.int64(45), np.int64(47)], [np.int64(3), np.int64(26), np.int64(37), np.int64(54)], [np.int64(31), np.int64(34), np.int64(35), np.int64(39)], [np.int64(4), np.int64(30), np.int64(40), np.int64(58)], [np.int64(7), np.int64(15), np.int64(22), np.int64(24)], [np.int64(19), np.int64(25), np.int64(29), np.int64(55)], [np.int64(8), np.int64(20), np.int64(57), np.int64(6)], [np.int64(9), np.int64(18), np.int64(48), np.int64(51)], [np.int64(16), np.int64(23), np.int64(49), np.int64(50)], [5, 1, 53, 11], [14, 13, 2, 46], [38, 32, 33, 21]]","[1.83333333 3.16666667 2.20833333 2.         1.83333333 2.18055556
 1.97222222 1.83333333 1.95833333 2.25       2.         2.29166667
 1.08333333 1.75       2.04166667]",0.10644129739607117
Ranking,60,4,4.380739700005506,24.180555555555557,"[[39, 1, 6, np.int64(37)], [50, np.int64(59), np.int64(38), np.int64(46)], [31, 35, np.int64(32), np.int64(5)], [26, np.int64(3), np.int64(2), np.int64(54)], [np.int64(19), np.int64(27), np.int64(51), np.int64(44)], [23, np.int64(9), np.int64(43), np.int64(20)], [np.int64(22), np.int64(11), np.int64(53), np.int64(30)], [40, np.int64(10), np.int64(36), np.int64(24)], [21, np.int64(45), np.int64(48), np.int64(42)], [58, np.int64(4), np.int64(57), 34], [55, np.int64(25), np.int64(28), np.int64(12)], [np.int64(41), np.int64(0), np.int64(52), np.int64(15)], [np.int64(8), np.int64(47), np.int64(13), np.int64(7)], [14, np.int64(16), np.int64(49), np.int64(33)], [56, np.int64(29), np.int64(18), np.int64(17)]]","[1.69444444 1.70833333 1.16666667 1.58333333 1.58333333 1.95833333
 0.875      1.70833333 1.55555556 1.33333333 1.25       1.45833333
 1.59722222 2.27777778 2.43055556]",0.1396570115697054
Ranking,60,4,4.248837899998762,24.40277777777778,"[[np.int64(25), np.int64(28), np.int64(12), 40], [50, np.int64(59), np.int64(38), np.int64(46)], [np.int64(8), np.int64(7), np.int64(15), np.int64(24)], [26, np.int64(54), np.int64(3), np.int64(2)], [6, 34, np.int64(4), np.int64(57)], [23, np.int64(9), np.int64(43), np.int64(20)], [35, np.int64(5), 31, np.int64(32)], [np.int64(30), np.int64(11), np.int64(53), np.int64(22)], [np.int64(48), np.int64(45), 21, np.int64(42)], [np.int64(27), np.int64(10), np.int64(19), np.int64(44)], [39, np.int64(37), 58, np.int64(51)], [np.int64(36), np.int64(0), np.int64(52), np.int64(41)], [55, np.int64(47), np.int64(13), 1], [14, np.int64(16), np.int64(49), np.int64(33)], [56, np.int64(29), np.int64(18), np.int64(17)]]","[1.45833333 1.70833333 1.25       1.58333333 1.51388889 1.95833333
 1.16666667 0.875      1.55555556 1.76388889 1.76388889 1.29166667
 1.80555556 2.27777778 2.43055556]",0.14472721359460117
Ranking,60,4,4.293295900002704,24.486111111111107,"[[39, np.int64(41), 1, np.int64(5)], [50, np.int64(59), np.int64(38), np.int64(46)], [31, np.int64(32), 35, np.int64(22)], [6, np.int64(45), np.int64(27), 21], [58, np.int64(57), np.int64(4), np.int64(37)], [23, np.int64(9), np.int64(43), np.int64(20)], [34, np.int64(53), np.int64(11), np.int64(30)], [np.int64(12), np.int64(19), np.int64(28), np.int64(25)], [np.int64(3), np.int64(48), np.int64(44), np.int64(42)], [26, np.int64(2), np.int64(51), np.int64(54)], [np.int64(7), np.int64(8), np.int64(10), np.int64(24)], [np.int64(52), np.int64(0), np.int64(36), np.int64(15)], [np.int64(13), np.int64(47), 55, 40], [14, np.int64(16), np.int64(49), np.int64(33)], [56, np.int64(29), np.int64(18), np.int64(17)]]","[1.5        1.70833333 1.125      2.01388889 1.25       1.95833333
 1.125      1.41666667 1.625      1.51388889 1.25       1.33333333
 1.95833333 2.27777778 2.43055556]",0.1475569240742242
Ranking,60,4,4.289317599992501,23.875,"[[39, 6, np.int64(37), 34], [50, np.int64(59), np.int64(38), np.int64(46)], [31, np.int64(32), 35, np.int64(22)], [np.int64(45), np.int64(48), 21, np.int64(42)], [58, np.int64(57), np.int64(4), np.int64(11)], [23, np.int64(9), np.int64(43), np.int64(20)], [np.int64(30), 1, np.int64(5), np.int64(53)], [np.int64(7), np.int64(8), np.int64(15), np.int64(24)], [np.int64(2), np.int64(54), 26, np.int64(3)], [np.int64(10), 55, np.int64(47), np.int64(13)], [np.int64(25), 40, np.int64(28), np.int64(12)], [np.int64(41), np.int64(0), np.int64(52), np.int64(36)], [np.int64(44), np.int64(19), np.int64(27), np.int64(51)], [14, np.int64(16), np.int64(49), np.int64(33)], [56, np.int64(29), np.int64(18), np.int64(17)]]","[1.86111111 1.70833333 1.125      1.55555556 1.08333333 1.95833333
 1.08333333 1.25       1.58333333 1.625      1.45833333 1.29166667
 1.58333333 2.27777778 2.43055556]",0.14850826892711705
Ranking,60,4,4.257466499999282,24.069444444444443,"[[np.int64(11), np.int64(30), np.int64(57), 58], [50, np.int64(59), np.int64(38), np.int64(46)], [np.int64(8), np.int64(2), np.int64(15), np.int64(13)], [26, np.int64(54), np.int64(48), 21], [39, np.int64(37), np.int64(4), 6], [23, np.int64(9), np.int64(43), np.int64(20)], [34, np.int64(53), np.int64(5), 1], [31, np.int64(32), 35, np.int64(22)], [np.int64(3), np.int64(19), np.int64(45), np.int64(42)], [np.int64(25), np.int64(28), 40, np.int64(12)], [55, np.int64(24), np.int64(10), np.int64(7)], [np.int64(41), np.int64(0), np.int64(52), np.int64(36)], [np.int64(44), np.int64(47), np.int64(27), np.int64(51)], [14, np.int64(16), np.int64(49), np.int64(33)], [56, np.int64(29), np.int64(18), np.int64(17)]]","[0.93055556 1.70833333 1.63888889 1.66666667 1.76388889 1.95833333
 1.25       1.125      1.63888889 1.45833333 1.33333333 1.29166667
 1.59722222 2.27777778 2.43055556]",0.14500041216717516
Ranking,60,4,4.631180700002005,24.541666666666664,"[[np.int64(2), np.int64(8), np.int64(19), np.int64(44)], [50, np.int64(59), np.int64(38), np.int64(46)], [31, np.int64(32), 35, np.int64(5)], [26, np.int64(3), np.int64(54), np.int64(48)], [6, np.int64(4), np.int64(37), 39], [23, np.int64(9), np.int64(43), np.int64(20)], [np.int64(41), np.int64(15), np.int64(52), np.int64(0)], [np.int64(7), np.int64(13), 55, np.int64(24)], [np.int64(36), 21, np.int64(45), np.int64(42)], [58, np.int64(30), np.int64(11), np.int64(57)], [np.int64(10), np.int64(28), np.int64(12), np.int64(25)], [34, 40, np.int64(22), np.int64(53)], [1, np.int64(47), np.int64(27), np.int64(51)], [14, np.int64(16), np.int64(49), np.int64(33)], [56, np.int64(29), np.int64(18), np.int64(17)]]","[1.66666667 1.70833333 1.16666667 1.45833333 1.76388889 1.95833333
 1.45833333 1.41666667 1.83333333 0.93055556 1.29166667 1.47222222
 1.70833333 2.27777778 2.43055556]",0.13865308432371254
Ranking,60,4,4.1865255999873625,23.90277777777778,"[[np.int64(53), 6, 34, np.int64(37)], [50, np.int64(59), np.int64(38), np.int64(46)], [np.int64(52), np.int64(32), 40, np.int64(22)], [21, np.int64(54), np.int64(48), np.int64(44)], [58, 39, np.int64(4), np.int64(57)], [23, np.int64(9), np.int64(43), np.int64(20)], [np.int64(27), np.int64(45), np.int64(51), 26], [np.int64(36), 35, 31, np.int64(24)], [np.int64(13), np.int64(47), np.int64(2), np.int64(8)], [1, np.int64(30), np.int64(5), np.int64(11)], [np.int64(25), 55, np.int64(28), np.int64(12)], [np.int64(0), np.int64(7), np.int64(15), np.int64(41)], [np.int64(10), np.int64(19), np.int64(3), np.int64(42)], [14, np.int64(16), np.int64(49), np.int64(33)], [56, np.int64(29), np.int64(18), np.int64(17)]]","[1.66666667 1.70833333 1.33333333 1.72222222 1.375      1.95833333
 1.41666667 1.29166667 1.58333333 0.95833333 1.25       1.33333333
 1.59722222 2.27777778 2.43055556]",0.13895575661990545
Ranking,60,4,4.347310900004231,24.569444444444443,"[[39, 34, np.int64(51), np.int64(37)], [50, np.int64(59), np.int64(38), np.int64(46)], [40, np.int64(53), np.int64(52), np.int64(22)], [26, np.int64(3), np.int64(48), np.int64(54)], [1, np.int64(11), np.int64(5), np.int64(30)], [23, np.int64(9), np.int64(43), np.int64(20)], [np.int64(28), np.int64(25), np.int64(10), np.int64(12)], [np.int64(8), np.int64(13), 55, np.int64(24)], [21, np.int64(36), np.int64(44), np.int64(42)], [58, np.int64(4), np.int64(2), np.int64(57)], [np.int64(41), np.int64(15), np.int64(7), np.int64(0)], [35, 31, 6, np.int64(32)], [np.int64(47), np.int64(45), np.int64(19), np.int64(27)], [14, np.int64(16), np.int64(49), np.int64(33)], [56, np.int64(29), np.int64(18), np.int64(17)]]","[2.01388889 1.70833333 1.33333333 1.45833333 0.95833333 1.95833333
 1.29166667 1.54166667 1.83333333 1.33333333 1.33333333 1.33333333
 1.76388889 2.27777778 2.43055556]",0.14382621335702173
Ranking,60,4,4.615428400007659,23.986111111111107,"[[np.int64(4), 58, np.int64(37), 39], [50, np.int64(59), np.int64(38), np.int64(46)], [31, np.int64(32), 35, 6], [26, np.int64(2), np.int64(54), np.int64(51)], [np.int64(24), np.int64(7), np.int64(8), np.int64(15)], [23, np.int64(9), np.int64(43), np.int64(20)], [34, np.int64(53), np.int64(5), 1], [np.int64(30), np.int64(11), np.int64(57), np.int64(22)], [np.int64(48), np.int64(3), np.int64(45), np.int64(42)], [np.int64(41), np.int64(52), np.int64(36), np.int64(0)], [np.int64(44), np.int64(19), 21, np.int64(27)], [np.int64(28), np.int64(12), 40, np.int64(25)], [np.int64(47), 55, np.int64(13), np.int64(10)], [14, np.int64(16), np.int64(49), np.int64(33)], [56, np.int64(29), np.int64(18), np.int64(17)]]","[1.55555556 1.70833333 1.33333333 1.51388889 1.25       1.95833333
 1.25       1.04166667 1.54166667 1.29166667 1.75       1.45833333
 1.625      2.27777778 2.43055556]",0.13557779799818004
Ranking,60,4,4.251758099999279,24.20833333333333,"[[39, np.int64(13), 34, np.int64(37)], [50, np.int64(59), np.int64(38), np.int64(46)], [31, np.int64(32), 35, np.int64(41)], [26, np.int64(45), np.int64(27), np.int64(51)], [np.int64(30), np.int64(11), 40, np.int64(22)], [23, np.int64(9), np.int64(43), np.int64(20)], [np.int64(5), np.int64(53), 6, 1], [np.int64(25), np.int64(12), np.int64(28), 55], [21, np.int64(48), np.int64(44), np.int64(42)], [58, np.int64(4), np.int64(57), np.int64(54)], [np.int64(2), np.int64(7), np.int64(24), np.int64(8)], [np.int64(52), np.int64(0), np.int64(15), np.int64(36)], [np.int64(3), np.int64(47), np.int64(19), np.int64(10)], [14, np.int64(16), np.int64(49), np.int64(33)], [56, np.int64(29), np.int64(18), np.int64(17)]]","[1.86111111 1.70833333 1.29166667 1.41666667 1.09722222 1.95833333
 1.29166667 1.25       1.63888889 1.54166667 1.34722222 1.33333333
 1.76388889 2.27777778 2.43055556]",0.13777559216457647
